{
  "jsq": {
    "20": {
      "seed": 123.0,
      "load_rps": 0.0,
      "avg_latency_ms": 50.8608223782257,
      "p50_latency_ms": 46.89621738079586,
      "p95_latency_ms": 110.05237532567116,
      "p99_latency_ms": 151.38588260389224,
      "rtt_avg_ms": 60.836431683486346,
      "rtt_p50_ms": 56.38723499211483,
      "rtt_p95_ms": 119.23741981034982,
      "rtt_p99_ms": 157.58584912277001,
      "throughput_jobs_s": 986.1002144958029,
      "acceptance_rate": 0.20005330538565091,
      "effective_tok_s": 1476.1666666666667,
      "avg_conversation_ms": 121.92462274589575,
      "p50_conversation_ms": 118.88465102636837,
      "p95_conversation_ms": 243.72414647892583,
      "p99_conversation_ms": 324.6079480899789,
      "conversation_count": 147928.0,
      "completed_conversation_count": 37215.0,
      "conversation_completion_rate": 0.25157509058460875,
      "ttft_avg_ms": 121.58684519348276,
      "ttft_p50_ms": 118.33640491613187,
      "ttft_p95_ms": 242.95796343094844,
      "ttft_p99_ms": 320.26366827607853,
      "ttft_count": 110683.0,
      "tpot_avg_ms": 16.620750030794483,
      "tpot_p50_ms": 10.33115958918279,
      "tpot_p95_ms": 49.53949114930583,
      "tpot_p99_ms": 92.61370907764649,
      "tpot_count": 442850.0,
      "slo_attainment_rate": 0.49336163539018985,
      "slo_meeting_count": 72982.0,
      "goodput_rps": 243.27420859460258,
      "conversation_throughput_rps": 124.05044631344902,
      "observed_span_ms": 299998.92064850486,
      "avg_conversation_ms_completed": 121.92462274589575,
      "p50_conversation_ms_completed": 118.88465102636837,
      "p95_conversation_ms_completed": 243.72414647892583,
      "p99_conversation_ms_completed": 324.6079480899789,
      "ttft_breakdown_prefill_forward_ms_avg": 1.6333537986507527,
      "ttft_breakdown_prefill_queue_ms_avg": 28.790657696827253,
      "ttft_breakdown_prefill_compute_ms_avg": 23.240531468635474,
      "ttft_breakdown_prefill_response_ms_avg": 1.6137741651209438,
      "ttft_breakdown_decode_generation_ms_avg": 13.462502626267007,
      "ttft_breakdown_decode_forward_ms_avg": 1.6333537986507527,
      "ttft_breakdown_decode_queue_ms_avg": 27.5952043030759,
      "ttft_breakdown_decode_compute_ms_avg": 22.34147072354775,
      "ttft_breakdown_decode_response_ms_avg": 1.6137741651209438,
      "decode_breakdown_generation_ms_avg": 13.462502626267007,
      "decode_breakdown_forward_ms_avg": 1.6333537986507527,
      "decode_breakdown_queue_ms_avg": 27.5952043030759,
      "decode_breakdown_compute_ms_avg": 22.34147072354775,
      "decode_breakdown_response_ms_avg": 1.6137741651209438
    }
  },
  "random": {
    "20": {
      "seed": 123.0,
      "load_rps": 0.0,
      "avg_latency_ms": 91.80019189296169,
      "p50_latency_ms": 47.99838585042744,
      "p95_latency_ms": 272.30942140182015,
      "p99_latency_ms": 319.91256492980756,
      "rtt_avg_ms": 101.9193127886594,
      "rtt_p50_ms": 58.443227466370445,
      "rtt_p95_ms": 281.60257998725865,
      "rtt_p99_ms": 331.3390666843625,
      "throughput_jobs_s": 588.5029900671768,
      "acceptance_rate": 0.19877769694765238,
      "effective_tok_s": 874.3833333333333,
      "avg_conversation_ms": 206.38293496042544,
      "p50_conversation_ms": 118.1708424697863,
      "p95_conversation_ms": 559.698797340563,
      "p99_conversation_ms": 625.92125307073,
      "conversation_count": 88292.0,
      "completed_conversation_count": 22274.0,
      "conversation_completion_rate": 0.25227653694558966,
      "ttft_avg_ms": 202.9199415189608,
      "ttft_p50_ms": 115.2698999652639,
      "ttft_p95_ms": 555.1332931684447,
      "ttft_p99_ms": 622.0264387002389,
      "ttft_count": 65982.0,
      "tpot_avg_ms": 27.05870616222616,
      "tpot_p50_ms": 13.1126616646834,
      "tpot_p95_ms": 95.20095626899274,
      "tpot_p99_ms": 232.53519017604413,
      "tpot_count": 262315.0,
      "slo_attainment_rate": 0.4068092239387487,
      "slo_meeting_count": 35918.0,
      "goodput_rps": 119.72795313047854,
      "conversation_throughput_rps": 74.2474644475828,
      "observed_span_ms": 299996.7765326854,
      "avg_conversation_ms_completed": 206.38293496042544,
      "p50_conversation_ms_completed": 118.1708424697863,
      "p95_conversation_ms_completed": 559.698797340563,
      "p99_conversation_ms_completed": 625.92125307073,
      "ttft_breakdown_prefill_forward_ms_avg": 1.7286311342526168,
      "ttft_breakdown_prefill_queue_ms_avg": 66.9492439754184,
      "ttft_breakdown_prefill_compute_ms_avg": 26.65022464855197,
      "ttft_breakdown_prefill_response_ms_avg": 1.7168541127760757,
      "ttft_breakdown_decode_generation_ms_avg": 13.352922030640778,
      "ttft_breakdown_decode_forward_ms_avg": 1.7286311342526168,
      "ttft_breakdown_decode_queue_ms_avg": 67.37558102690384,
      "ttft_breakdown_decode_compute_ms_avg": 25.16399278485519,
      "ttft_breakdown_decode_response_ms_avg": 1.7168541127760757,
      "decode_breakdown_generation_ms_avg": 13.352922030640778,
      "decode_breakdown_forward_ms_avg": 1.7286311342526168,
      "decode_breakdown_queue_ms_avg": 67.37558102690384,
      "decode_breakdown_compute_ms_avg": 25.16399278485519,
      "decode_breakdown_response_ms_avg": 1.7168541127760757
    }
  },
  "round_robin": {
    "20": {
      "seed": 123.0,
      "load_rps": 0.0,
      "avg_latency_ms": 91.7450421604905,
      "p50_latency_ms": 35.90029395578313,
      "p95_latency_ms": 262.40942014945904,
      "p99_latency_ms": 291.54147392479354,
      "rtt_avg_ms": 101.86646995366637,
      "rtt_p50_ms": 45.62842644730699,
      "rtt_p95_ms": 272.15232137346175,
      "rtt_p99_ms": 299.5800538493786,
      "throughput_jobs_s": 588.8278008760589,
      "acceptance_rate": 0.19830702165983016,
      "effective_tok_s": 873.4366666666666,
      "avg_conversation_ms": 203.57170954947216,
      "p50_conversation_ms": 88.19853323196003,
      "p95_conversation_ms": 535.6971466631803,
      "p99_conversation_ms": 574.4150308774988,
      "conversation_count": 88338.0,
      "completed_conversation_count": 22241.0,
      "conversation_completion_rate": 0.25177160451900654,
      "ttft_avg_ms": 203.75712339622334,
      "ttft_p50_ms": 87.7870276478643,
      "ttft_p95_ms": 534.4133740727266,
      "ttft_p99_ms": 572.3981918228383,
      "ttft_count": 66067.0,
      "tpot_avg_ms": 27.01105074528583,
      "tpot_p50_ms": 12.62915718739896,
      "tpot_p95_ms": 96.38308498483093,
      "tpot_p99_ms": 239.20713852373592,
      "tpot_count": 262031.0,
      "slo_attainment_rate": 0.40395979080350475,
      "slo_meeting_count": 35685.0,
      "goodput_rps": 118.95090250195113,
      "conversation_throughput_rps": 74.1372291591956,
      "observed_span_ms": 299997.72384589235,
      "avg_conversation_ms_completed": 203.57170954947216,
      "p50_conversation_ms_completed": 88.19853323196003,
      "p95_conversation_ms_completed": 535.6971466631803,
      "p99_conversation_ms_completed": 574.4150308774988,
      "ttft_breakdown_prefill_forward_ms_avg": 1.7233861506003036,
      "ttft_breakdown_prefill_queue_ms_avg": 66.7960387825481,
      "ttft_breakdown_prefill_compute_ms_avg": 26.310803065805604,
      "ttft_breakdown_prefill_response_ms_avg": 1.711332500353018,
      "ttft_breakdown_decode_generation_ms_avg": 13.35422678670963,
      "ttft_breakdown_decode_forward_ms_avg": 1.7233861506003036,
      "ttft_breakdown_decode_queue_ms_avg": 65.35222523126097,
      "ttft_breakdown_decode_compute_ms_avg": 24.888978381243668,
      "ttft_breakdown_decode_response_ms_avg": 1.711332500353018,
      "decode_breakdown_generation_ms_avg": 13.35422678670963,
      "decode_breakdown_forward_ms_avg": 1.7233861506003036,
      "decode_breakdown_queue_ms_avg": 65.35222523126097,
      "decode_breakdown_compute_ms_avg": 24.888978381243668,
      "decode_breakdown_response_ms_avg": 1.711332500353018
    }
  }
}