{
  "jsq": {
    "5": {
      "seed": 123.0,
      "load_rps": 0.0,
      "avg_latency_ms": 24.22338633658763,
      "p50_latency_ms": 23.818949273257203,
      "p95_latency_ms": 48.60169900438632,
      "p99_latency_ms": 67.17205360456137,
      "rtt_avg_ms": 36.01232765420281,
      "rtt_p50_ms": 37.20889252530469,
      "rtt_p95_ms": 62.07797957066214,
      "rtt_p99_ms": 78.0382995379041,
      "throughput_jobs_s": 138.83827103662586,
      "acceptance_rate": 0.6788417883691702,
      "effective_tok_s": 1161.2833333333333,
      "avg_conversation_ms": 139.04043934814882,
      "p50_conversation_ms": 132.05699192595785,
      "p95_conversation_ms": 233.64019244155497,
      "p99_conversation_ms": 286.275779886113,
      "conversation_count": 10791.0,
      "completed_conversation_count": 10786.0,
      "conversation_completion_rate": 0.9995366509127978,
      "ttft_avg_ms": 70.37384827827456,
      "ttft_p50_ms": 64.79419473087182,
      "ttft_p95_ms": 126.94916963396827,
      "ttft_p99_ms": 156.59802797266093,
      "ttft_count": 10783.0,
      "tpot_avg_ms": 3.2261598547403323,
      "tpot_p50_ms": 2.034274646472477,
      "tpot_p95_ms": 8.271153107538703,
      "tpot_p99_ms": 20.018797023520165,
      "tpot_count": 696717.0,
      "slo_attainment_rate": 0.8908349550551385,
      "slo_meeting_count": 9613.0,
      "goodput_rps": 32.04370361996313,
      "conversation_throughput_rps": 35.95374880317511,
      "observed_span_ms": 299996.5332974535,
      "avg_conversation_ms_completed": 139.04043934814882,
      "p50_conversation_ms_completed": 132.05699192595785,
      "p95_conversation_ms_completed": 233.64019244155497,
      "p99_conversation_ms_completed": 286.275779886113
    },
    "10": {
      "seed": 123.0,
      "load_rps": 0.0,
      "avg_latency_ms": 32.29263132055579,
      "p50_latency_ms": 24.485021382126433,
      "p95_latency_ms": 71.65375800257607,
      "p99_latency_ms": 85.18472294718958,
      "rtt_avg_ms": 44.09970750066762,
      "rtt_p50_ms": 39.03925266835722,
      "rtt_p95_ms": 83.02423323894618,
      "rtt_p99_ms": 94.06150541819079,
      "throughput_jobs_s": 226.7410886284965,
      "acceptance_rate": 0.6656707168097823,
      "effective_tok_s": 1861.8033333333333,
      "avg_conversation_ms": 169.81680083338077,
      "p50_conversation_ms": 143.22417626132665,
      "p95_conversation_ms": 323.29841127895634,
      "p99_conversation_ms": 384.40022377891,
      "conversation_count": 17665.0,
      "completed_conversation_count": 17658.0,
      "conversation_completion_rate": 0.9996037362015284,
      "ttft_avg_ms": 86.98527539847187,
      "ttft_p50_ms": 66.08536901441403,
      "ttft_p95_ms": 167.46089920312033,
      "ttft_p99_ms": 224.20729976531584,
      "ttft_count": 17643.0,
      "tpot_avg_ms": 3.950246261961034,
      "tpot_p50_ms": 2.1065210590863392,
      "tpot_p95_ms": 10.91285963910507,
      "tpot_p99_ms": 26.522410962032154,
      "tpot_count": 1117004.0,
      "slo_attainment_rate": 0.8315878856495896,
      "slo_meeting_count": 14690.0,
      "goodput_rps": 48.966901766378726,
      "conversation_throughput_rps": 58.86028259977642,
      "observed_span_ms": 299998.5596410826,
      "avg_conversation_ms_completed": 169.81680083338077,
      "p50_conversation_ms_completed": 143.22417626132665,
      "p95_conversation_ms_completed": 323.29841127895634,
      "p99_conversation_ms_completed": 384.40022377891
    },
    "15": {
      "seed": 123.0,
      "load_rps": 0.0,
      "avg_latency_ms": 38.17971407800818,
      "p50_latency_ms": 24.63829001542763,
      "p95_latency_ms": 83.37435134118459,
      "p99_latency_ms": 109.7065906021744,
      "rtt_avg_ms": 50.06174283438589,
      "rtt_p50_ms": 39.32222508368773,
      "rtt_p95_ms": 93.91944876252091,
      "rtt_p99_ms": 125.4486923910008,
      "throughput_jobs_s": 299.6091879054935,
      "acceptance_rate": 0.6683352432404166,
      "effective_tok_s": 2470.9,
      "avg_conversation_ms": 193.61617267219623,
      "p50_conversation_ms": 144.74437805706475,
      "p95_conversation_ms": 396.6010818340874,
      "p99_conversation_ms": 456.13804086823075,
      "conversation_count": 23248.0,
      "completed_conversation_count": 23234.0,
      "conversation_completion_rate": 0.9993977976600138,
      "ttft_avg_ms": 98.34409612062692,
      "ttft_p50_ms": 66.35908685193863,
      "ttft_p95_ms": 190.41951503790915,
      "ttft_p99_ms": 259.4554115797073,
      "ttft_count": 23219.0,
      "tpot_avg_ms": 4.471148353479764,
      "tpot_p50_ms": 2.2477925160751004,
      "tpot_p95_ms": 13.083032749806685,
      "tpot_p99_ms": 32.00891096978254,
      "tpot_count": 1482454.0,
      "slo_attainment_rate": 0.7989504473503097,
      "slo_meeting_count": 18574.0,
      "goodput_rps": 61.91454318662049,
      "conversation_throughput_rps": 77.44818005803491,
      "observed_span_ms": 299994.1377910994,
      "avg_conversation_ms_completed": 193.61617267219623,
      "p50_conversation_ms_completed": 144.74437805706475,
      "p95_conversation_ms_completed": 396.6010818340874,
      "p99_conversation_ms_completed": 456.13804086823075
    },
    "20": {
      "seed": 123.0,
      "load_rps": 0.0,
      "avg_latency_ms": 40.73261912253659,
      "p50_latency_ms": 24.541216790908948,
      "p95_latency_ms": 113.60716887674062,
      "p99_latency_ms": 126.21218389377464,
      "rtt_avg_ms": 52.57088182401602,
      "rtt_p50_ms": 39.04683970642509,
      "rtt_p95_ms": 129.19532136977068,
      "rtt_p99_ms": 141.75280388075043,
      "throughput_jobs_s": 380.4023393458852,
      "acceptance_rate": 0.6770060136510376,
      "effective_tok_s": 3174.33,
      "avg_conversation_ms": 202.98552088016854,
      "p50_conversation_ms": 151.50540606037248,
      "p95_conversation_ms": 459.47457705941633,
      "p99_conversation_ms": 553.6379548163968,
      "conversation_count": 29561.0,
      "completed_conversation_count": 29546.0,
      "conversation_completion_rate": 0.9994925746760935,
      "ttft_avg_ms": 101.50742460501448,
      "ttft_p50_ms": 66.79727359031676,
      "ttft_p95_ms": 224.44832584811957,
      "ttft_p99_ms": 297.0889392911922,
      "ttft_count": 29532.0,
      "tpot_avg_ms": 4.719930684946609,
      "tpot_p50_ms": 2.420330459073739,
      "tpot_p95_ms": 13.632956407394627,
      "tpot_p99_ms": 37.64096419917769,
      "tpot_count": 1904461.0,
      "slo_attainment_rate": 0.7811643719765908,
      "slo_meeting_count": 23092.0,
      "goodput_rps": 76.97380669624238,
      "conversation_throughput_rps": 98.48727233012201,
      "observed_span_ms": 299998.1551013415,
      "avg_conversation_ms_completed": 202.98552088016854,
      "p50_conversation_ms_completed": 151.50540606037248,
      "p95_conversation_ms_completed": 459.47457705941633,
      "p99_conversation_ms_completed": 553.6379548163968
    },
    "25": {
      "seed": 123.0,
      "load_rps": 0.0,
      "avg_latency_ms": 49.84906874323141,
      "p50_latency_ms": 35.427650532103144,
      "p95_latency_ms": 124.51298929975019,
      "p99_latency_ms": 137.7076696184231,
      "rtt_avg_ms": 61.69594125939854,
      "rtt_p50_ms": 49.44014639896341,
      "rtt_p95_ms": 137.07544079131912,
      "rtt_p99_ms": 148.1530817221792,
      "throughput_jobs_s": 405.1660864600988,
      "acceptance_rate": 0.673588694880537,
      "effective_tok_s": 3365.2266666666665,
      "avg_conversation_ms": 238.5441461395222,
      "p50_conversation_ms": 177.74935468001058,
      "p95_conversation_ms": 539.7123359890829,
      "p99_conversation_ms": 657.8010949423842,
      "conversation_count": 31445.0,
      "completed_conversation_count": 31426.0,
      "conversation_completion_rate": 0.9993957703927493,
      "ttft_avg_ms": 121.4992493579401,
      "ttft_p50_ms": 87.91965546031133,
      "ttft_p95_ms": 269.9741401637002,
      "ttft_p99_ms": 375.6125057563768,
      "ttft_count": 31406.0,
      "tpot_avg_ms": 5.4489903697485635,
      "tpot_p50_ms": 2.633600252053293,
      "tpot_p95_ms": 16.728723884816283,