{
  "jsq": {
    "5": {
      "seed": 123.0,
      "load_rps": 0.0,
      "avg_latency_ms": 65.40116178705006,
      "p50_latency_ms": 64.16058694710955,
      "p95_latency_ms": 85.57457527017687,
      "p99_latency_ms": 94.86461652170692,
      "rtt_avg_ms": 76.90208266652283,
      "rtt_p50_ms": 76.62290999636753,
      "rtt_p95_ms": 92.90369667580035,
      "rtt_p99_ms": 99.91522139060544,
      "throughput_jobs_s": 65.01485775122023,
      "acceptance_rate": 0.5419346006090225,
      "effective_tok_s": 435.43,
      "avg_conversation_ms": 295.9452455413231,
      "p50_conversation_ms": 302.5938089500414,
      "p95_conversation_ms": 391.93006761267316,
      "p99_conversation_ms": 413.4129946160101,
      "conversation_count": 5070.0,
      "completed_conversation_count": 5066.0,
      "conversation_completion_rate": 0.9992110453648915,
      "ttft_avg_ms": 160.6288603658024,
      "ttft_p50_ms": 156.5664145280316,
      "ttft_p95_ms": 227.88304144571885,
      "ttft_p99_ms": 251.32669640539098,
      "ttft_count": 5059.0,
      "tpot_avg_ms": 7.8648230972229625,
      "tpot_p50_ms": 4.891224990789649,
      "tpot_p95_ms": 20.54997613202238,
      "tpot_p99_ms": 43.80779590532984,
      "tpot_count": 261222.0,
      "slo_attainment_rate": 0.6607495069033531,
      "slo_meeting_count": 3350.0,
      "goodput_rps": 11.168073708675406,
      "conversation_throughput_rps": 16.888794450193913,
      "observed_span_ms": 299962.2036338913,
      "avg_conversation_ms_completed": 295.9452455413231,
      "p50_conversation_ms_completed": 302.5938089500414,
      "p95_conversation_ms_completed": 391.93006761267316,
      "p99_conversation_ms_completed": 413.4129946160101
    },
    "10": {
      "seed": 123.0,
      "load_rps": 0.0,
      "avg_latency_ms": 67.3526547544752,
      "p50_latency_ms": 70.46581919441087,
      "p95_latency_ms": 89.95418749298551,
      "p99_latency_ms": 106.77435156630236,
      "rtt_avg_ms": 78.99161048004109,
      "rtt_p50_ms": 82.56715482169238,
      "rtt_p95_ms": 97.98625005260692,
      "rtt_p99_ms": 119.15020556925447,
      "throughput_jobs_s": 126.58194169286975,
      "acceptance_rate": 0.5459389671361502,
      "effective_tok_s": 852.7566666666667,
      "avg_conversation_ms": 304.7093905791473,
      "p50_conversation_ms": 318.94969181105625,
      "p95_conversation_ms": 430.59283325317665,
      "p99_conversation_ms": 456.3816196170301,
      "conversation_count": 9848.0,
      "completed_conversation_count": 9840.0,
      "conversation_completion_rate": 0.9991876523151909,
      "ttft_avg_ms": 164.34192841886235,
      "ttft_p50_ms": 167.05004419545003,
      "ttft_p95_ms": 228.82782473654515,
      "ttft_p99_ms": 271.6410439843894,
      "ttft_count": 9835.0,
      "tpot_avg_ms": 8.107844800005854,
      "tpot_p50_ms": 4.998952370709862,
      "tpot_p95_ms": 21.901114268219317,
      "tpot_p99_ms": 46.976219282070815,
      "tpot_count": 511592.0,
      "slo_attainment_rate": 0.6719130787977254,
      "slo_meeting_count": 6617.0,
      "goodput_rps": 22.058166759236254,
      "conversation_throughput_rps": 32.80223075576315,
      "observed_span_ms": 299979.59813361696,
      "avg_conversation_ms_completed": 304.7093905791473,
      "p50_conversation_ms_completed": 318.94969181105625,
      "p95_conversation_ms_completed": 430.59283325317665,
      "p99_conversation_ms_completed": 456.3816196170301
    },
    "15": {
      "seed": 123.0,
      "load_rps": 0.0,
      "avg_latency_ms": 68.78948837535009,
      "p50_latency_ms": 69.96002815871907,
      "p95_latency_ms": 91.84427461690211,
      "p99_latency_ms": 117.50580824579811,
      "rtt_avg_ms": 80.57792384875594,
      "rtt_p50_ms": 82.12462862383109,
      "rtt_p95_ms": 99.18713338123052,
      "rtt_p99_ms": 132.80909109614004,
      "throughput_jobs_s": 186.1340029830711,
      "acceptance_rate": 0.5607517450810551,
      "effective_tok_s": 1288.2766666666666,
      "avg_conversation_ms": 311.16856201133425,
      "p50_conversation_ms": 320.7723061785946,
      "p95_conversation_ms": 431.6544122121122,
      "p99_conversation_ms": 472.8254826878547,
      "conversation_count": 14464.0,
      "completed_conversation_count": 14454.0,
      "conversation_completion_rate": 0.999308628318584,
      "ttft_avg_ms": 165.85084518634875,
      "ttft_p50_ms": 165.84810969099635,
      "ttft_p95_ms": 232.76595752162393,
      "ttft_p99_ms": 275.71764860645635,
      "ttft_count": 14445.0,
      "tpot_avg_ms": 8.16622590735474,
      "tpot_p50_ms": 5.0506098242856545,
      "tpot_p95_ms": 22.001174090131826,
      "tpot_p99_ms": 46.56912717488012,
      "tpot_count": 772868.0,
      "slo_attainment_rate": 0.6630945796460177,
      "slo_meeting_count": 9591.0,
      "goodput_rps": 31.97126012053861,
      "conversation_throughput_rps": 48.1818990493447,
      "observed_span_ms": 299988.17575034086,
      "avg_conversation_ms_completed": 311.16856201133425,
      "p50_conversation_ms_completed": 320.7723061785946,
      "p95_conversation_ms_completed": 431.6544122121122,
      "p99_conversation_ms_completed": 472.8254826878547
    }
  }
}