{
  "jsq": {
    "20.0": {
      "seed": 123.0,
      "load_rps": 20.0,
      "avg_latency_ms": 14.254233113893923,
      "p50_latency_ms": 13.244791543426686,
      "p95_latency_ms": 17.186863752536283,
      "p99_latency_ms": 26.062564279570097,
      "rtt_avg_ms": 24.865212579280918,
      "rtt_p50_ms": 27.554247332511295,
      "rtt_p95_ms": 30.38466265804891,
      "rtt_p99_ms": 31.294000343234302,
      "throughput_jobs_s": 3.1085747928670995,
      "acceptance_rate": 0.67,
      "effective_tok_s": 0.67,
      "avg_conversation_ms": 49.73042515856183,
      "p50_conversation_ms": 48.75050372520673,
      "p95_conversation_ms": 58.10556208967796,
      "p99_conversation_ms": 85.14381045329492,
      "conversation_count": 50.0,
      "completed_conversation_count": 0.0,
      "conversation_completion_rate": 0.0,
      "ttft_avg_ms": 49.791931683335086,
      "ttft_p50_ms": 49.10522116668017,
      "ttft_p95_ms": 56.97062312333901,
      "ttft_p99_ms": 61.264266696649884,
      "ttft_count": 44.0,
      "tpot_avg_ms": 6.5474893334989295,
      "tpot_p50_ms": 4.855849106924325,
      "tpot_p95_ms": 14.799543016051757,
      "tpot_p99_ms": 28.19666177722047,
      "tpot_count": 201.0,
      "slo_attainment_rate": 0.86,
      "slo_meeting_count": 43.0,
      "goodput_rps": 1.3366871609328528,
      "conversation_throughput_rps": 0.0,
      "observed_span_ms": 32169.082831611086
    },
    "40.0": {
      "seed": 123.0,
      "load_rps": 40.0,
      "avg_latency_ms": 15.909243590023962,
      "p50_latency_ms": 13.639108796762343,
      "p95_latency_ms": 24.386028746991997,
      "p99_latency_ms": 29.33141695815698,
      "rtt_avg_ms": 26.390766477278653,
      "rtt_p50_ms": 27.797651905500516,
      "rtt_p95_ms": 33.634122168885824,
      "rtt_p99_ms": 40.82244501272436,
      "throughput_jobs_s": 6.33283414320738,
      "acceptance_rate": 0.6601307189542484,
      "effective_tok_s": 0.6733333333333333,
      "avg_conversation_ms": 52.78153295455733,
      "p50_conversation_ms": 49.105221166682895,
      "p95_conversation_ms": 99.96617695740997,
      "p99_conversation_ms": 155.43859148752756,
      "conversation_count": 51.0,
      "completed_conversation_count": 0.0,
      "conversation_completion_rate": 0.0,
      "ttft_avg_ms": 51.58901588455529,
      "ttft_p50_ms": 50.47024035286586,
      "ttft_p95_ms": 58.53205892550204,
      "ttft_p99_ms": 87.83489975384168,
      "ttft_count": 36.0,
      "tpot_avg_ms": 6.478191562336632,
      "tpot_p50_ms": 4.8882444101759575,
      "tpot_p95_ms": 14.741929169166355,
      "tpot_p99_ms": 29.756741063199115,
      "tpot_count": 202.0,
      "slo_attainment_rate": 0.6862745098039216,
      "slo_meeting_count": 35.0,
      "goodput_rps": 2.173031323649591,
      "conversation_throughput_rps": 0.0,
      "observed_span_ms": 16106.532666642715
    },
    "60.0": {
      "seed": 123.0,
      "load_rps": 60.0,
      "avg_latency_ms": 16.748688530113053,
      "p50_latency_ms": 15.154768663830282,
      "p95_latency_ms": 24.77153159977729,
      "p99_latency_ms": 28.885990765428573,
      "rtt_avg_ms": 27.36870953176462,
      "rtt_p50_ms": 28.111356781724226,
      "rtt_p95_ms": 36.568839376751214,
      "rtt_p99_ms": 40.51916943778849,
      "throughput_jobs_s": 9.579301911971923,
      "acceptance_rate": 0.7884615384615384,
      "effective_tok_s": 0.82,
      "avg_conversation_ms": 55.274060426897194,
      "p50_conversation_ms": 49.105221166682895,
      "p95_conversation_ms": 121.05669639835264,
      "p99_conversation_ms": 166.74875389889473,
      "conversation_count": 51.0,
      "completed_conversation_count": 0.0,
      "conversation_completion_rate": 0.0,
      "ttft_avg_ms": 56.470056176071274,
      "ttft_p50_ms": 50.4702403528654,
      "ttft_p95_ms": 89.3593209999434,
      "ttft_p99_ms": 134.93708979089183,
      "ttft_count": 35.0,
      "tpot_avg_ms": 5.932642729788106,
      "tpot_p50_ms": 4.96548792023998,
      "tpot_p95_ms": 13.90623510671145,
      "tpot_p99_ms": 15.825016420622319,
      "tpot_count": 246.0,
      "slo_attainment_rate": 0.6862745098039216,
      "slo_meeting_count": 35.0,
      "goodput_rps": 3.2551025914467697,
      "conversation_throughput_rps": 0.0,
      "observed_span_ms": 10752.349278319927
    },
    "80.0": {
      "seed": 123.0,
      "load_rps": 80.0,
      "avg_latency_ms": 19.047089198120048,
      "p50_latency_ms": 16.18493320610378,
      "p95_latency_ms": 29.796709041424947,
      "p99_latency_ms": 68.807203302782,
      "rtt_avg_ms": 29.879832810635442,
      "rtt_p50_ms": 28.534149175189896,
      "rtt_p95_ms": 47.28636200114477,
      "rtt_p99_ms": 82.39611800272064,
      "throughput_jobs_s": 13.011433583362994,
      "acceptance_rate": 0.7962962962962963,
      "effective_tok_s": 0.86,
      "avg_conversation_ms": 61.517302845425924,
      "p50_conversation_ms": 48.40100911190393,
      "p95_conversation_ms": 186.10287611843717,
      "p99_conversation_ms": 389.7265764009888,
      "conversation_count": 51.0,
      "completed_conversation_count": 0.0,
      "conversation_completion_rate": 0.0,
      "ttft_avg_ms": 56.580784600763266,
      "ttft_p50_ms": 50.111841223080745,
      "ttft_p95_ms": 72.37340601677238,
      "ttft_p99_ms": 129.28353516627766,
      "ttft_count": 31.0,
      "tpot_avg_ms": 6.755926615401161,
      "tpot_p50_ms": 4.929569386181963,
      "tpot_p95_ms": 14.831022031382076,
      "tpot_p99_ms": 28.307669700803785,
      "tpot_count": 258.0,
      "slo_attainment_rate": 0.5686274509803921,
      "slo_meeting_count": 29.0,
      "goodput_rps": 3.5936340373097795,
      "conversation_throughput_rps": 0.0,
      "observed_span_ms": 8069.825613547898
    },
    "100.0": {
      "seed": 123.0,
      "load_rps": 100.0,
      "avg_latency_ms": 20.177991682536554,
      "p50_latency_ms": 16.184933206104063,
      "p95_latency_ms": 28.73350921168094,
      "p99_latency_ms": 96.46808373658837,
      "rtt_avg_ms": 30.58107587806654,
      "rtt_p50_ms": 28.427636968900913,
      "rtt_p95_ms": 45.70996056910417,
      "rtt_p99_ms": 102.07472319728174,
      "throughput_jobs_s": 12.77350835995033,
      "acceptance_rate": 0.7788461538461539,
      "effective_tok_s": 0.81,
      "avg_conversation_ms": 177.18682308818688,
      "p50_conversation_ms": 177.18682308818688,
      "p95_conversation_ms": 177.18682308818688,
      "p99_conversation_ms": 177.18682308818688,
      "conversation_count": 52.0,
      "completed_conversation_count": 1.0,
      "conversation_completion_rate": 0.019230769230769232,
      "ttft_avg_ms": 59.36802219837812,
      "ttft_p50_ms": 50.111841223080745,
      "ttft_p95_ms": 79.24257320493825,
      "ttft_p99_ms": 204.57508629942515,
      "ttft_count": 27.0,
      "tpot_avg_ms": 6.197895379684332,
      "tpot_p50_ms": 4.922811522517122,
      "tpot_p95_ms": 9.009096324830534,
      "tpot_p99_ms": 22.474858889486654,
      "tpot_count": 267.0,
      "slo_attainment_rate": 0.4807692307692308,
      "slo_meeting_count": 25.0,
      "goodput_rps": 3.070554894218829,
      "conversation_throughput_rps": 0.12282219576875317,
      "observed_span_ms": 8141.850857989684,
      "avg_conversation_ms_completed": 177.18682308818688,
      "p50_conversation_ms_completed": 177.18682308818688,
      "p95_conversation_ms_completed": 177.18682308818688,
      "p99_conversation_ms_completed": 177.18682308818688
    },
    "120.0": {
      "seed": 123.0,
      "load_rps": 120.0,
      "avg_latency_ms": 23.310347262907452,
      "p50_latency_ms": 16.184933206104233,
      "p95_latency_ms": 91.3660144235019,
      "p99_latency_ms": 151.46333726048874,
      "rtt_avg_ms": 34.11848249633772,
      "rtt_p50_ms": 29.107724322429135,
      "rtt_p95_ms": 102.07869610210741,
      "rtt_p99_ms": 156.35378554806948,
      "throughput_jobs_s": 15.774570136248165,
      "acceptance_rate": 0.7272727272727273,
      "effective_tok_s": 0.8,
      "avg_conversation_ms": 70.20533898284882,
      "p50_conversation_ms": 50.73806375440654,